{"cameraMode":{"drawMode":0,"name":"Shaded","section":"Shading Mode"},"sceneLighting":false,"audioPlay":false,"sceneViewState":{"showFog":true,"showMaterialUpdate":false,"showSkybox":false,"showFlares":true,"showImageEffects":true,"showParticleSystems":true},"in2DMode":false,"pivot":{"x":-13.285400390625,"y":0.50634765625,"z":-12.18359375},"rotation":{"x":0.20289590954780579,"y":0.22450470924377442,"z":-0.04785006120800972,"w":0.951924204826355},"size":5.138826847076416,"orthographic":true}