{"cameraMode":{"drawMode":0,"name":"Shaded","section":"Shading Mode"},"sceneLighting":true,"audioPlay":false,"sceneViewState":{"showFog":true,"showMaterialUpdate":false,"showSkybox":true,"showFlares":true,"showImageEffects":true,"showParticleSystems":true},"in2DMode":false,"pivot":{"x":-54.866947174072269,"y":-15.614026069641114,"z":-10.737098693847657},"rotation":{"x":0.3196919560432434,"y":0.6043064594268799,"z":-0.28811928629875185,"w":0.6705266237258911},"size":263.7757873535156,"orthographic":true}