{"cameraMode":{"drawMode":0,"name":"Shaded","section":"Shading Mode"},"sceneLighting":true,"audioPlay":false,"sceneViewState":{"showFog":true,"showMaterialUpdate":false,"showSkybox":true,"showFlares":true,"showImageEffects":true,"showParticleSystems":true},"in2DMode":false,"pivot":{"x":3.9237148761749269,"y":-5.046875,"z":-8.933023452758789},"rotation":{"x":0.4831611216068268,"y":-0.04199511185288429,"z":0.023209387436509134,"w":0.8742163181304932},"size":50.964630126953128,"orthographic":true}