{"cameraMode":{"drawMode":0,"name":"Shaded","section":"Shading Mode"},"sceneLighting":true,"audioPlay":false,"sceneViewState":{"showFog":true,"showMaterialUpdate":false,"showSkybox":true,"showFlares":true,"showImageEffects":true,"showParticleSystems":true},"in2DMode":false,"pivot":{"x":-17.056182861328126,"y":0.2763671875,"z":-12.104248046875},"rotation":{"x":-0.16945844888687135,"y":-0.7216688990592957,"z":0.1899702399969101,"w":-0.6437440514564514},"size":69.72087860107422,"orthographic":true}