{"cameraMode":{"drawMode":0,"name":"Shaded","section":"Shading Mode"},"sceneLighting":true,"audioPlay":false,"sceneViewState":{"showFog":true,"showMaterialUpdate":false,"showSkybox":true,"showFlares":true,"showImageEffects":true,"showParticleSystems":true},"in2DMode":false,"pivot":{"x":0.8181989789009094,"y":-0.41096192598342898,"z":3.029128313064575},"rotation":{"x":0.2565063536167145,"y":0.4257894456386566,"z":-0.1272457093000412,"w":0.8583235740661621},"size":120.10115814208985,"orthographic":true}