{"cameraMode":{"drawMode":0,"name":"Shaded","section":"Shading Mode"},"sceneLighting":false,"audioPlay":false,"sceneViewState":{"showFog":true,"showMaterialUpdate":false,"showSkybox":false,"showFlares":true,"showImageEffects":true,"showParticleSystems":true},"in2DMode":false,"pivot":{"x":-12.869359016418457,"y":0.5206116437911987,"z":-11.820068359375},"rotation":{"x":0.259377121925354,"y":0.4183022677898407,"z":-0.12596659362316132,"w":0.8613247871398926},"size":2.736879587173462,"orthographic":true}