{"cameraMode":{"drawMode":0,"name":"Shaded","section":"Shading Mode"},"sceneLighting":true,"audioPlay":false,"sceneViewState":{"showFog":true,"showMaterialUpdate":false,"showSkybox":true,"showFlares":true,"showImageEffects":true,"showParticleSystems":true},"in2DMode":false,"pivot":{"x":-1.4097201824188233,"y":0.4486571252346039,"z":-1.1879913806915284},"rotation":{"x":0.1861000657081604,"y":-0.26312580704689028,"z":0.05180519074201584,"w":0.945225179195404},"size":98.87712860107422,"orthographic":true}