{"cameraMode":{"drawMode":0,"name":"Shaded","section":"Shading Mode"},"sceneLighting":true,"audioPlay":false,"sceneViewState":{"showFog":true,"showMaterialUpdate":false,"showSkybox":true,"showFlares":true,"showImageEffects":true,"showParticleSystems":true},"in2DMode":false,"pivot":{"x":-1.819749116897583,"y":7.04232120513916,"z":-11.293660163879395},"rotation":{"x":0.22751988470554353,"y":0.3126203119754791,"z":-0.07740054279565811,"w":0.9189841151237488},"size":53.36821365356445,"orthographic":true}