{"cameraMode":{"drawMode":0,"name":"Shaded","section":"Shading Mode"},"sceneLighting":false,"audioPlay":false,"sceneViewState":{"showFog":true,"showMaterialUpdate":false,"showSkybox":false,"showFlares":true,"showImageEffects":true,"showParticleSystems":true},"in2DMode":false,"pivot":{"x":-12.50537109375,"y":0.542724609375,"z":-12.5390625},"rotation":{"x":0.057192593812942508,"y":-0.9026421904563904,"z":0.1267426460981369,"w":0.40733274817466738},"size":5.138826847076416,"orthographic":true}