{"cameraMode":{"drawMode":0,"name":"Shaded","section":"Shading Mode"},"sceneLighting":true,"audioPlay":false,"sceneViewState":{"showFog":true,"showMaterialUpdate":false,"showSkybox":true,"showFlares":true,"showImageEffects":true,"showParticleSystems":true},"in2DMode":false,"pivot":{"x":46.92827224731445,"y":130.0419464111328,"z":-2.3349385261535646},"rotation":{"x":0.16786208748817445,"y":0.36162862181663515,"z":-0.06636596471071243,"w":0.9146819710731506},"size":379.765380859375,"orthographic":true}