{"cameraMode":{"drawMode":0,"name":"Shaded","section":"Shading Mode"},"sceneLighting":true,"audioPlay":false,"sceneViewState":{"showFog":true,"showMaterialUpdate":false,"showSkybox":true,"showFlares":true,"showImageEffects":true,"showParticleSystems":true},"in2DMode":false,"pivot":{"x":-0.8437637686729431,"y":6.0562968254089359,"z":4.995302200317383},"rotation":{"x":0.28947556018829348,"y":-0.5654492378234863,"z":0.2212013155221939,"w":0.7399633526802063},"size":65.32913970947266,"orthographic":true}